name,artist_id,track_id,track_name,popularity,id,danceability,energy,key,loudness,mode,speechiness,acousticness,instrumentalness,liveness,valence,tempo,duration_ms,time_signature,Genre 1,Genre 2,Genre 3,Genre 4,Genre 5,Genre 6,Genre 7,GENRE 7
0,Gunna,2hlmm7s2ICUX0LVIhVFlZQ,4rXLjWdF2ZZpXCVTfWcshS,fukumean,96,4rXLjWdF2ZZpXCVTfWcshS,0.847,0.622,1,-6.747,0,0.0903,0.119,0.0,0.285,0.22,130.001,125040,4,atl hip hop,melodic rap,rap,trap,,,,
1,Olivia Rodrigo,1McMsnEElThX1knmY4oliG,3k79jB4aGmMDUQzEwa46Rz,vampire,98,3k79jB4aGmMDUQzEwa46Rz,0.511,0.532,5,-5.745,1,0.056,0.169,0.0,0.311,0.322,137.827,219724,4,pop,,,,,,,
2,Jung Kook,6HaGTQPmzraVmaVxvz6EUc,7x9aauaA9cu6tyfpHnqDLo,Seven (feat. Latto) (Explicit Ver.),98,7x9aauaA9cu6tyfpHnqDLo,0.802,0.832,11,-4.107,1,0.0434,0.311,0.0,0.0815,0.89,124.997,185427,4,k-pop,,,,,,,
3,Morgan Wallen,4oUHIQIBe0LHzYfvXNW4QM,7K3BhSpAxZBznislvUMVtn,Last Night,90,7K3BhSpAxZBznislvUMVtn,0.492,0.675,6,-5.456,1,0.0389,0.467,0.0,0.142,0.478,203.759,163855,4,contemporary country,,,,,,,
4,Taylor Swift,06HL4z0CvFAxyc27GXpf02,1BxfuPKGuaTgP7aM0Bbdwr,Cruel Summer,100,1BxfuPKGuaTgP7aM0Bbdwr,0.552,0.702,9,-5.707,1,0.157,0.117,2.06e-05,0.105,0.564,169.994,178427,4,pop,,,,,,,
5,Eslabon Armado,0XeEobZplHxzM9QzFQWLiR,3qQbCzHBycnDpGskqOWY0E,Ella Baila Sola,92,3qQbCzHBycnDpGskqOWY0E,0.668,0.758,5,-5.176,0,0.0332,0.483,1.89e-05,0.0837,0.834,147.989,165671,3,corrido,corridos tumbados,sad sierreno,sierreno,,,,
6,Luke Combs,718COspgdWOnwOFpJHRZHS,1Lo0QY9cvc8sUB2vnIOxDT,Fast Car,92,1Lo0QY9cvc8sUB2vnIOxDT,0.712,0.603,8,-5.52,1,0.0262,0.186,0.0,0.115,0.67,97.994,265493,4,contemporary country,country,,,,,,
8,SZA,7tYKF4w9nC0nq9CsPZTHyP,1Qrg8KqiBpW07V7PNxwwwL,Kill Bill,94,1Qrg8KqiBpW07V7PNxwwwL,0.644,0.735,8,-5.747,1,0.0391,0.0521,0.144,0.161,0.418,88.98,153947,4,pop,r&b,rap,,,,,
9,Billie Eilish,6qqNVTkY8uBg9cP3Jd7DAH,6wf7Yu7cxBSPrRlWeSeK0Q,"What Was I Made For? [From The Motion Picture ""Barbie""]",91,6wf7Yu7cxBSPrRlWeSeK0Q,0.444,0.0911,0,-17.665,1,0.0307,0.959,1.05e-06,0.098,0.142,78.403,222370,4,art pop,electropop,pop,,,,,
11,Nicki Minaj,0hCNtLu0JehylgoiP8L4Gh,741UUVE2kuITl0c6zuqqbO,Barbie World (with Aqua) [From Barbie The Album],92,741UUVE2kuITl0c6zuqqbO,0.77,0.58,0,-8.393,1,0.247,0.519,0.000127,0.233,0.753,144.072,109750,4,hip pop,pop,queens hip hop,rap,,,,
12,Grupo Frontera,6XkjpgcEsYab502Vr1bBeW,6pD0ufEQq0xdHSsRbg9LBK,un x100to,98,6pD0ufEQq0xdHSsRbg9LBK,0.569,0.724,6,-4.076,0,0.0474,0.228,0.0,0.27,0.562,83.118,194563,4,musica chihuahuense,,,,,,,
13,"Tyler, The Creator",4V8LLVI7PbaPR0K2TGSxFF,7KA4W4McWYRpgf0fWsJZWB,See You Again (feat. Kali Uchis),95,7KA4W4McWYRpgf0fWsJZWB,0.558,0.559,6,-9.222,1,0.0959,0.371,7.49e-06,0.109,0.62,78.558,180387,4,hip hop,rap,,,,,,
14,NewJeans,6HvZYsbFfjnjFrWF950C9d,5sdQOyqq2IDhvmx2lHOpwd,Super Shy,94,5sdQOyqq2IDhvmx2lHOpwd,0.776,0.817,5,-6.018,0,0.0748,0.18,3.44e-05,0.146,0.515,149.921,154667,4,k-pop,k-pop girl group,,,,,,
16,Yng Lvcas,1NNRWkhwmcXRimFYSBpB1y,2UW7JaomAMuX9pZrjVpHAU,La Bebe - Remix,98,2UW7JaomAMuX9pZrjVpHAU,0.812,0.479,2,-5.678,0,0.333,0.213,1.21e-06,0.0756,0.559,169.922,234353,4,reggaeton,,,,,,,
17,Post Malone,246dkjvS1zLTtiykXe5h60,3t0ic4mkhvhamrKDkulB8v,Overdrive,86,3t0ic4mkhvhamrKDkulB8v,0.555,0.729,1,-5.062,1,0.0443,0.000374,0.000139,0.347,0.482,139.864,147680,4,dfw rap,melodic rap,pop,rap,,,,
18,Zach Bryan,40ZNYROS4zLfyyBSs2PGe2,3WMj8moIAXJhHsyLaqIIHI,Something in the Orange,90,3WMj8moIAXJhHsyLaqIIHI,0.369,0.192,4,-12.151,0,0.04,0.555,8.35e-06,0.0954,0.148,175.212,228013,3,classic oklahoma country,modern country pop,,,,,,
19,Bad Bunny,4q3ewBCX7sLwd24euuV69X,7ro0hRteUMfnOioTFI5TG1,WHERE SHE GOES,99,7ro0hRteUMfnOioTFI5TG1,0.652,0.8,9,-4.019,0,0.0614,0.143,0.629,0.112,0.234,143.978,231704,4,reggaeton,trap latino,urbano latino,,,,,
20,Lil Durk,3hcs9uc56yIGFCSy9leWe7,6T7FXSuXykeGktMLGp8WgE,All My Life (feat. J. Cole),83,6T7FXSuXykeGktMLGp8WgE,0.787,0.57,3,-5.881,1,0.225,0.0449,0.0,0.135,0.733,142.974,223879,4,chicago drill,chicago rap,drill,hip hop,rap,trap,,
21,PinkPantheress,78rUTD7y6Cy67W1RVzYs7t,6AQbmUe0Qwf5PZnt4HmTXv,Boy's a Liar Pt. 2,94,6AQbmUe0Qwf5PZnt4HmTXv,0.696,0.809,5,-8.254,1,0.05,0.252,0.000128,0.248,0.857,132.962,131013,4,bedroom pop,,,,,,,
22,Peso Pluma,12GqGscKJx3aE4t07u7eVZ,7mXuWTczZNxG5EDcjFEuJR,LADY GAGA,93,7mXuWTczZNxG5EDcjFEuJR,0.646,0.736,5,-7.118,0,0.0449,0.216,0.0,0.415,0.873,140.098,212878,3,sad sierreno,,,,,,,
24,Fuerza Regida,0ys2OFYzWYB5hRDLCsBqxt,1UMm1Qs3u59Wvk53zBUE8r,SABOR FRESA,94,1UMm1Qs3u59Wvk53zBUE8r,0.785,0.863,7,-4.599,0,0.0893,0.0883,0.0,0.0929,0.962,130.132,156501,3,corrido,corridos tumbados,sad sierreno,sierreno,,,,
25,Junior H,7Gi6gjaWy3DxyilpF1a8Is,1haJsMtoBhHfvuM7XWuT3W,El Azul,94,1haJsMtoBhHfvuM7XWuT3W,0.558,0.648,9,-7.081,0,0.055,0.226,7.76e-06,0.0986,0.844,143.876,187226,3,corrido,corridos tumbados,musica mexicana,sad sierreno,sierreno,,,
26,J. Cole,6l3HvQ5sa6mXTsMTB19rO5,68Dni7IE4VyPkTOH9mRWHr,No Role Modelz,92,68Dni7IE4VyPkTOH9mRWHr,0.69,0.521,10,-8.492,0,0.339,0.324,0.0,0.0534,0.494,100.028,292799,4,conscious hip hop,hip hop,north carolina hip hop,rap,,,,
28,Harry Styles,6KImCVD70vtIoJWnq6nGn3,4Dvkj6JhhA12EX05fT7y2e,As It Was,93,4Dvkj6JhhA12EX05fT7y2e,0.52,0.731,6,-5.338,0,0.0557,0.342,0.00101,0.311,0.662,173.93,167303,4,pop,,,,,,,
29,FIFTY FIFTY,4GJ6xDCF5jaUqD6avOuQT6,7FbrGaHYVDmfr7KoLIZnQ7,Cupid - Twin Ver.,97,7FbrGaHYVDmfr7KoLIZnQ7,0.783,0.592,11,-8.332,0,0.0331,0.435,4.15e-06,0.347,0.726,120.018,174253,4,k-pop girl group,,,,,,,
30,Lil Uzi Vert,4O15NlyKLIASxsJ0PrXPfz,4daEMLSZCgZ2Mt7gNm2SRa,Flooded The Face,88,4daEMLSZCgZ2Mt7gNm2SRa,0.64,0.609,1,-7.714,0,0.304,0.492,2.47e-06,0.152,0.393,131.889,192727,4,melodic rap,philly rap,rage rap,rap,trap,,,
33,Miley Cyrus,5YGY8feqx7naU7z4HrwZM6,4DHcnVTT87F0zZhRPYmZ3B,Flowers,90,4DHcnVTT87F0zZhRPYmZ3B,0.707,0.681,0,-4.325,1,0.0668,0.0632,5.15e-06,0.0322,0.646,117.999,200455,4,pop,,,,,,,
35,Drake,3TVXtAsR1Inumwj472S9r4,7aRCf5cLOFN1U7kvtChY1G,Search & Rescue,90,7aRCf5cLOFN1U7kvtChY1G,0.817,0.44,10,-8.482,0,0.0734,0.0603,1.42e-06,0.33,0.544,142.024,272113,4,canadian hip hop,canadian pop,hip hop,rap,toronto rap,,,
36,Myke Towers,7iK8PXO48WeuP03g8YR51W,7ABLbnD53cQK00mhcaOUVG,LALA,99,7ABLbnD53cQK00mhcaOUVG,0.708,0.737,1,-4.045,1,0.0436,0.0739,0.00162,0.0955,0.607,91.986,197920,4,reggaeton,trap latino,urbano latino,,,,,
37,Bizarrap,716NhGYqD1jl2wI1Qkgq36,5AqiaZwhmC6dIbgWrD5SzV,"Peso Pluma: Bzrp Music Sessions, Vol. 55",96,5AqiaZwhmC6dIbgWrD5SzV,0.854,0.668,5,-7.848,0,0.0466,0.264,5.61e-05,0.117,0.805,132.966,187660,3,argentine hip hop,pop venezolano,trap argentino,trap latino,urbano latino,,,
38,Troye Sivan,3WGpXCj9YhhfX11TToZcXP,3xIMkM5LgbVDkpO74O3Np3,Rush,88,3xIMkM5LgbVDkpO74O3Np3,0.742,0.839,5,-7.614,0,0.0618,0.00306,4.2e-05,0.106,0.346,126.03,156391,4,australian pop,pop,viral pop,,,,,
40,Kali Uchis,1U1el3k54VvEUzo3ybLPlM,0JmnkIqdlnUzPaf8sqBRs3,Moonlight,88,0JmnkIqdlnUzPaf8sqBRs3,0.642,0.706,7,-6.872,0,0.052,0.518,0.0,0.25,0.896,136.851,187723,4,colombian pop,,,,,,,
42,Noah Kahan,2RQXRUsr4IW1f3mKyKsy4B,0caJ2wkqp4UmXBwdR2JvB5,Dial Drunk,87,0caJ2wkqp4UmXBwdR2JvB5,0.693,0.595,8,-7.578,1,0.0311,0.0969,0.0,0.113,0.646,112.02,213817,4,pov: indie,singer-songwriter pop,,,,,,
43,Rema,46pWGuE3dSwY3bMMXGBvVS,1s7oOCT8vauUh01PbJD6ps,Calm Down (with Selena Gomez),83,1s7oOCT8vauUh01PbJD6ps,0.799,0.802,11,-5.196,1,0.0371,0.429,0.00128,0.171,0.811,107.008,239318,4,afrobeats,nigerian pop,,,,,,
46,Metro Boomin,0iEtIxbK0KxaSlF7G42ZOp,2dHHgzDwk4BJdRwy9uXhTO,Creepin' (with The Weeknd & 21 Savage),95,2dHHgzDwk4BJdRwy9uXhTO,0.715,0.62,1,-6.005,0,0.0484,0.417,0.0,0.0822,0.172,97.95,221520,4,hip hop,rap,,,,,,
47,David Kushner,33NVpKoXjItPwUJTMZIOiY,1odExI7RdWc4BT515LTAwj,Daylight,98,1odExI7RdWc4BT515LTAwj,0.508,0.43,2,-9.475,0,0.0335,0.83,0.000441,0.093,0.324,130.09,212954,4,gen z singer-songwriter,singer-songwriter pop,,,,,,
49,Kendrick Lamar,2YZyLoL8N0Wb9xBt1NhZWg,2HbKqm4o0w5wEeEFXm2sD4,Money Trees,85,2HbKqm4o0w5wEeEFXm2sD4,0.716,0.531,7,-7.355,1,0.122,0.0703,0.0,0.224,0.344,71.994,386907,4,conscious hip hop,hip hop,rap,west coast rap,,,,
50,Asake,3a1tBryiczPAZpgoZN9Rzg,5ZtK8XAVnoaGdBXZWCEVCY,Lonely At The Top,76,5ZtK8XAVnoaGdBXZWCEVCY,0.778,0.801,6,-7.326,0,0.106,0.692,0.000155,0.0912,0.914,104.986,157714,4,afrobeats,nigerian pop,,,,,,
51,Omah Lay,5yOvAmpIR7hVxiS6Ls5DPO,747cO9FmyVvRCrsRusfwdL,reason,69,747cO9FmyVvRCrsRusfwdL,0.753,0.693,2,-8.111,1,0.245,0.373,0.000234,0.12,0.869,107.985,147363,4,afrobeats,nigerian pop,,,,,,
52,Shallipopi,4TKhxSkqClXrdtUWgKqHVU,2tQMxGMxZIsXez0oVkHg2U,Obapluto,66,2tQMxGMxZIsXez0oVkHg2U,0.814,0.923,6,-3.753,0,0.0878,0.208,0.0,0.248,0.622,114.007,170606,4,viral afropop,,,,,,,
57,Davido,0Y3agQaa6g2r0YmHPOO9rh,1mk8ZC9OeTZMr8Wy31LqRj,FEEL,76,1mk8ZC9OeTZMr8Wy31LqRj,0.837,0.831,2,-6.21,1,0.08,0.0923,0.176,0.0819,0.529,111.978,154513,4,afrobeats,afropop,azontobeats,ghanaian hip hop,nigerian pop,,,
58,ODUMODUBLVCK,3LOm0AZjpwVQebvkyanjDy,1sEIkVGd7fG4K5wFQS6f6y,DECLAN RICE,69,1sEIkVGd7fG4K5wFQS6f6y,0.702,0.783,7,-5.204,1,0.23,0.031,0.032,0.0889,0.667,187.986,123713,4,afro drill,afrobeats,nigerian pop,,,,,
59,Bnxn,3zaDigUwjHvjOkSn0NDf9x,6wuMo4ZR83PhlhXhJ1S3VY,GWAGWALADA,74,6wuMo4ZR83PhlhXhJ1S3VY,0.838,0.569,4,-8.414,0,0.0529,0.194,0.0377,0.0802,0.63,113.046,190542,4,afrobeats,nigerian pop,,,,,,
60,Oxlade,3WTrdbZU99dgTtt3ZkyamT,5YEVBJnnt2qMM67NGCjEdV,INTOXYCATED (feat. Dave),76,5YEVBJnnt2qMM67NGCjEdV,0.788,0.708,1,-4.615,1,0.108,0.12,9.4e-06,0.0985,0.598,105.006,212000,4,afrobeats,nigerian pop,,,,,,
61,J Hus,2a0uxJgbvvIRI4GX8pYfcr,4M6yrN4rJUrwNgHzGKfrN1,Masculine (feat. Burna Boy),74,4M6yrN4rJUrwNgHzGKfrN1,0.675,0.66,7,-5.977,1,0.291,0.179,2.01e-05,0.127,0.713,66.98,204880,5,afroswing,grime,uk hip hop,,,,,
63,Dave,6Ip8FS7vWT1uKkJSweANQK,2FDTHlrBguDzQkp7PVj16Q,Sprinter,97,2FDTHlrBguDzQkp7PVj16Q,0.916,0.583,1,-8.067,1,0.241,0.186,0.0,0.0798,0.661,141.095,226383,4,uk hip hop,,,,,,,
66,Blaqbonez,12kjvw4e3gLp6qVHO65n7W,61iDSv1MgCsdo0zKXGxvCO,Like Ice Spice,64,61iDSv1MgCsdo0zKXGxvCO,0.72,0.582,3,-7.854,0,0.297,0.126,0.0,0.231,0.804,178.943,123435,4,afrobeats,nigerian hip hop,nigerian pop,,,,,
67,Adekunle Gold,2IK173RXLiCSQ8fhDlAb3s,0Em4eY10PGyiBlmjWxcav3,Party No Dey Stop,76,0Em4eY10PGyiBlmjWxcav3,0.826,0.657,5,-7.779,0,0.147,0.204,1.37e-05,0.0668,0.86,118.049,168858,4,afrobeats,afropop,alte,azontobeats,nigerian hip hop,nigerian pop,,
70,Seyi Vibez,4zmZ8lVLzGc84S4v2B1rLx,4UdDJ77xjH9ru5r5F9kfOG,Man of The Year,66,4UdDJ77xjH9ru5r5F9kfOG,0.669,0.611,10,-7.068,1,0.0966,0.232,0.0,0.163,0.426,110.008,144000,4,afrobeats,nigerian pop,,,,,,
71,KCee,7KiINhQdLAupkwvJ0EelGG,6WZVnqQ9OZRSGZmXyHHlV3,Ojapiano,70,6WZVnqQ9OZRSGZmXyHHlV3,0.628,0.795,10,-6.27,0,0.0366,0.0444,0.00189,0.582,0.565,114.003,168421,4,afrobeats,afropop,igbo pop,nigerian pop,,,,
74,Young Jonn,4JM1zsVj1pt38Q8mhv5teI,59sAr7NvZDeH7oYrkiyZcQ,Aquafina,69,59sAr7NvZDeH7oYrkiyZcQ,0.821,0.619,6,-9.496,0,0.102,0.0286,4.93e-06,0.118,0.388,115.949,168103,4,afrobeats,nigerian pop,,,,,,
76,Olamide,4ovtyvs7j1jSmwhkBGHqSr,2KwnwVXtAlpSDdRVO9ccTJ,New Religion,70,2KwnwVXtAlpSDdRVO9ccTJ,0.812,0.551,1,-7.829,1,0.268,0.351,1.64e-05,0.317,0.896,114.075,153684,4,afrobeats,afropop,azonto,nigerian hip hop,nigerian pop,,,
79,King Promise,4tIKaxUmpXzshok2yCnwdf,1oq33HJBs0rDmjjZ2rVFyG,Terminator,70,1oq33HJBs0rDmjjZ2rVFyG,0.845,0.638,1,-6.549,1,0.0394,0.0259,0.00129,0.0724,0.839,113.017,234025,4,afrobeats,ghanaian alternative,ghanaian pop,,,,,
88,Ruger,0a1SidMjD8D6EHvJph4n2H,7ErtOGQ9DwyQa3lwP77j4u,Asiwaju,79,7ErtOGQ9DwyQa3lwP77j4u,0.727,0.6,8,-4.799,1,0.24,0.636,5.1e-06,0.106,0.754,199.796,216000,4,afrobeats,,,,,,,
91,Tiwa Savage,1hNaHKp2Za5YdOAG0WnRbc,1tOp1bXhT9tvydSAGDHdQy,Stamina,72,1tOp1bXhT9tvydSAGDHdQy,0.578,0.631,8,-7.619,1,0.228,0.314,0.0,0.107,0.794,108.783,169043,4,afrobeats,afropop,azonto,azontobeats,nigerian pop,,,
92,Joeboy,1XavfPKBpNjkOfxHINlMHF,4cPKw3rzgmaU4zixJe6wge,Normally,69,4cPKw3rzgmaU4zixJe6wge,0.787,0.378,8,-8.74,1,0.248,0.31,0.00022,0.104,0.283,95.013,205895,4,afrobeats,afropop,nigerian pop,,,,,
101,LISA,5L1lO4eRHmJ7a0Q6csE5cT,7hU3IHwjX150XLoTVmjD0q,MONEY,83,7hU3IHwjX150XLoTVmjD0q,0.831,0.554,1,-9.998,0,0.218,0.161,6.12e-05,0.152,0.396,140.026,168228,4,k-pop,,,,,,,
103,NONT TANONT,6chmC6o0wvACYVGTITw3Pz,5Zlwu2g4rzTNfyu28L1bWv,รักแรก (First Love) - เพลงประกอบภาพยนตร์ รักแรกโคตรลืมยาก My Precious,74,5Zlwu2g4rzTNfyu28L1bWv,0.559,0.37,2,-8.207,1,0.0389,0.795,0.0,0.113,0.291,121.869,266557,4,thai pop,,,,,,,
104,Jimin,1oSPZhvZMIrWW5I41kPkkY,3Ua0m0YmEjrMi9XErKcNiR,Like Crazy,96,3Ua0m0YmEjrMi9XErKcNiR,0.629,0.733,7,-5.445,1,0.0419,0.0025,0.0,0.357,0.362,120.001,212241,4,k-pop,,,,,,,
105,Newery,2ztuZ95DKP7O7DDAxCKYen,5OaXaynJZgklXEwzhouey5,กลิ่นดอกไม้,74,5OaXaynJZgklXEwzhouey5,0.495,0.702,9,-5.603,1,0.0324,0.0997,9.69e-06,0.328,0.461,180.077,232750,4,thai pop,,,,,,,
106,JISOO,6UZ0ba50XreR4TM8u322gs,69CrOS7vEHIrhC2ILyEi0s,FLOWER,83,69CrOS7vEHIrhC2ILyEi0s,0.841,0.384,9,-7.684,0,0.0351,0.0236,2.28e-06,0.0735,0.597,123.961,173134,4,k-pop,,,,,,,
107,เรนิษรา,2UmVsCJpQoAGPcaKbCyheW,7BUHKcrvmr9WIAgEBkwukl,ผู้ถูกเลือกให้ผิดหวัง (ดอกไม้ฤดูหนาว),73,7BUHKcrvmr9WIAgEBkwukl,0.579,0.341,7,-10.106,1,0.0272,0.521,0.103,0.147,0.375,90.061,270033,4,thai pop,,,,,,,
109,Charlie Puth,6VuMaDnrHyPL1p4EHjYLi7,5Odq8ohlgIbQKMZivbWkEo,Left and Right (Feat. Jung Kook of BTS),88,5Odq8ohlgIbQKMZivbWkEo,0.881,0.592,2,-4.898,1,0.0324,0.619,1.32e-05,0.0901,0.719,101.058,154487,4,pop,viral pop,,,,,,
110,BTS,3Nrfpe0tUJi4K4DXYWgMUX,5IAESfJjmOYu7cHyX557kz,Take Two,94,5IAESfJjmOYu7cHyX557kz,0.617,0.589,7,-5.978,1,0.0345,0.0268,0.0,0.378,0.566,92.991,229953,4,k-pop,k-pop boy group,pop,,,,,
111,TAEYANG,6udveWUgX4vu75FF0DTrXV,5HrIcZOo1DysX53qDRlRnt,Shoong! (feat. LISA of BLACKPINK),79,5HrIcZOo1DysX53qDRlRnt,0.763,0.699,11,-6.118,0,0.0554,0.00789,0.0,0.409,0.255,110.01,205101,4,k-pop,korean r&b,,,,,,
112,Cocktail,6JrR3zrG0NQiXb9N9XSyGb,38uarkAk3Y13onWxwj0MIq,ไม่เป็นรอง,71,38uarkAk3Y13onWxwj0MIq,0.418,0.634,9,-6.664,1,0.0362,0.624,0.0,0.128,0.375,186.026,293226,4,thai pop,thai rock,,,,,,
113,DIDIxDADA,2wd5kKWvp9e1i7rBtvvGSc,7KmY6wBpheP60rFEJPJBqN,จังหวะตกหลุมรัก - Magic Moment,71,7KmY6wBpheP60rFEJPJBqN,0.563,0.424,6,-6.757,1,0.0453,0.503,0.0,0.196,0.279,188.014,188617,3,thai pop,,,,,,,
114,JUNENOM,2UFwI4H1ZRWRRCdsxC9N7N,7cwlsNRPvS8v5IqgdScwM8,กาลครั้งนึง,66,7cwlsNRPvS8v5IqgdScwM8,0.638,0.188,7,-15.922,1,0.0526,0.853,0.0,0.137,0.368,75.125,313938,4,,,,,,,,
115,YEW,2xsBUJ327d3iC1LvL5hYrQ,0ZcyX8hFV1jdJNWOI8mMXF,Summertime,71,0ZcyX8hFV1jdJNWOI8mMXF,0.562,0.325,7,-13.669,1,0.0314,0.87,2.39e-05,0.0903,0.474,131.799,246818,3,thai indie rock,thai pop,,,,,,
116,First Anuwat,4KjqrvqKO5fbI5yDR5yzny,7jq0O5rfrzEIqNOsc7v9JT,เดินมาส่ง - BYE,70,7jq0O5rfrzEIqNOsc7v9JT,0.689,0.721,7,-6.583,1,0.0589,0.244,0.0,0.31,0.307,92.067,205435,4,thai pop,,,,,,,
117,Three Man Down,1qAOsY7jv9GFTv4HoVof5P,3vdZ30MzgeTe5PiJXEmqjr,ข้างกัน (City),71,3vdZ30MzgeTe5PiJXEmqjr,0.469,0.727,2,-7.484,1,0.0263,0.246,0.000918,0.27,0.341,176.011,296000,4,thai indie pop,thai pop,,,,,,
118,Pop Pongkool,1C6qssOWal7Sii2guMg0mx,03Yp2uEOtPGHQ6E9XSjmyv,สลักจิต,71,03Yp2uEOtPGHQ6E9XSjmyv,0.544,0.582,11,-6.846,1,0.0375,0.409,4.47e-06,0.342,0.359,162.075,264444,4,thai pop,,,,,,,
120,sarah salola,70ircOPIxsddNpd8Vgq23E,5DMALWZOGyyc7noptzvF2j,ยินดี - เพลงประกอบละครมาตาลดา ช่อง 3,63,5DMALWZOGyyc7noptzvF2j,0.579,0.482,1,-9.512,0,0.0512,0.572,1.11e-06,0.238,0.465,80.006,197250,4,thai pop,,,,,,,
121,Musketeers,0OjRa6r1EIPF5RZPy1SGz9,3XCoEJvCYqTbM8bhples8N,พิจารณา (Consider),70,3XCoEJvCYqTbM8bhples8N,0.77,0.677,10,-6.427,1,0.0589,0.526,0.000483,0.128,0.942,135.982,246838,4,deep german indie,thai pop,,,,,,
122,YourMOOD,5YcdFv3OumeTW8cVW788gT,3vfwUrq22haMmIJyyyI7Hq,ลาก่อน,70,3vfwUrq22haMmIJyyyI7Hq,0.563,0.852,11,-7.114,1,0.0319,0.0175,0.00135,0.108,0.764,135.012,188500,4,thai pop,,,,,,,
123,SHERRY,3Uzr5SP3rk1GL9OdPYL0Rz,5LEp7WRnb0T3L2R2mTa9IZ,เธอไม่ได้สอนให้ฉันอยู่คนเดียว,69,5LEp7WRnb0T3L2R2mTa9IZ,0.504,0.589,10,-7.492,1,0.0271,0.0493,0.00451,0.16,0.491,142.047,277962,4,thai indie,,,,,,,
124,ARMOR,5mgTHOrzHxFvdg8AgUsGuD,45dtFcaOs4lBf8gXAAoN8W,Fall in Love,66,45dtFcaOs4lBf8gXAAoN8W,0.703,0.566,2,-6.878,1,0.0337,0.449,0.000136,0.359,0.425,87.965,199145,4,,,,,,,,
125,bamm,2ORibfYGMt8fuIimSDCTq1,47WfK6QKlLwIOxJaonJ3bA,ใครเพื่อนแก,70,47WfK6QKlLwIOxJaonJ3bA,0.69,0.698,6,-6.294,1,0.04,0.271,0.0,0.102,0.732,144.053,248333,4,thai pop,,,,,,,
127,QLER,1P3bwZsaq5vobeBAmrsAFk,3MIVadmVbWGZR0VzNceGt1,ใจลอย,69,3MIVadmVbWGZR0VzNceGt1,0.641,0.582,9,-8.298,1,0.0356,0.758,0.143,0.184,0.624,147.951,197432,4,thai pop,,,,,,,
128,Safeplanet,1DsSoeOUg0YS2hl2czNcbw,2RJ7Q3gHb6cOeNBioSARni,ข้างกาย ( With You ),67,2RJ7Q3gHb6cOeNBioSARni,0.573,0.874,11,-4.859,1,0.0271,0.101,0.0,0.0798,0.571,101.976,256875,4,thai indie pop,thai pop,,,,,,
129,Anatomy Rabbit,73M9RjjrrKjXnf6Is6hNdg,3qMYr2bVu2HpSKrSJ2zj8K,แอบหวัง,69,3qMYr2bVu2HpSKrSJ2zj8K,0.422,0.391,2,-8.529,1,0.0359,0.548,0.189,0.14,0.628,170.401,235059,4,thai folk,thai indie pop,thai pop,,,,,
130,THEMOONWILLALWAYSBEWITHME,0yVywi4NwefY85n4BxZMaz,3Ry2KPewzbt43hiQPTnDTK,ซูลูปาก้า ตาปาเฮ้,69,3Ry2KPewzbt43hiQPTnDTK,0.578,0.569,9,-8.811,1,0.0786,0.441,0.00883,0.112,0.734,168.132,225714,4,thai pop,,,,,,,
131,Mirrr,5zSQoNQ9o2dnT1LPTzDxg7,1rNYuv63emsYt4Jjv8RlgJ,เจ้าของที่,65,1rNYuv63emsYt4Jjv8RlgJ,0.631,0.822,5,-4.793,1,0.0269,0.213,0.00101,0.212,0.879,149.886,240008,4,thai indie pop,thai pop,,,,,,
133,AYLA's,2XiaPu2j4nBMhF8pIlt6Bk,4fwPmzupzsPEzwquuuVaiw,จากตรงนี้ที่(เคย)สวยงาม [La La Bye],69,4fwPmzupzsPEzwquuuVaiw,0.605,0.452,11,-8.951,1,0.0264,0.47,2.98e-06,0.124,0.294,140.027,288250,4,thai pop,,,,,,,
134,DJ Snake,540vIaP2JwjQb9dm3aArA4,6IPNp9PfaEqrzotY47TIWy,"SG (with Ozuna, Megan Thee Stallion & LISA of BLACKPINK)",79,6IPNp9PfaEqrzotY47TIWy,0.8,0.837,6,-2.807,0,0.0491,0.00406,0.00313,0.0904,0.702,100.015,225600,4,edm,electronic trap,pop,pop dance,,,,
135,Blackbeans,3u45DFB1kjVXKwE14FKXCo,2MvwYhejHpLfBcptTEWhDL,Pink,67,2MvwYhejHpLfBcptTEWhDL,0.594,0.799,9,-5.808,1,0.0245,0.0746,1.52e-05,0.0923,0.632,99.978,255750,4,thai indie rock,thai pop,,,,,,
136,PROXIE,4tNPboeMQnpoUX7IEbPLdF,4Z64nGulQN49i9D03NcF8a,คนไม่คุย (Silent Mode),69,4Z64nGulQN49i9D03NcF8a,0.783,0.642,7,-8.578,1,0.1,0.391,4.79e-06,0.115,0.682,100.022,230400,4,thai pop,,,,,,,
138,Jeff Satur,5xq3BK55BJmutN0X7eTyQB,4gNkIyfaf2iwPgeLSVIj8O,ลืมไปแล้วว่าลืมยังไง (Fade),70,4gNkIyfaf2iwPgeLSVIj8O,0.569,0.455,4,-10.193,1,0.0286,0.392,1.43e-05,0.0954,0.24,108.954,262387,4,thai pop,,,,,,,
139,CHRRISSA,3eK3fsbCi7wc4hThk9wSZO,4CdW5KKyIjrpx6Hz981dUt,เลือดกรุ๊ปบี,69,4CdW5KKyIjrpx6Hz981dUt,0.545,0.732,2,-3.758,1,0.0613,0.756,0.0,0.0706,0.263,163.971,289756,4,thai pop,,,,,,,
140,PiXXiE,6HlUN1Md7UT62mNJHOYRsK,1UxVMaHEm6UJxGOg4ixSZO,ไม่ได้ก็ไม่เอา,69,1UxVMaHEm6UJxGOg4ixSZO,0.67,0.681,2,-4.394,1,0.0365,0.243,0.0,0.165,0.731,140.026,168857,4,t-pop girl group,thai pop,,,,,,
141,BLACKPINK,41MozSoPIsD1dJM0CLPjZF,7gRFDGEzF9UkBV233yv2dc,Shut Down,79,7gRFDGEzF9UkBV233yv2dc,0.818,0.69,0,-5.119,1,0.0454,0.00327,0.0,0.186,0.688,110.071,175889,3,k-pop,k-pop girl group,pop,,,,,
142,Dept,1zVBNAJivxfj3HygJZOSw3,3LejSFG20mSl4IzORHa7Ya,17,64,3LejSFG20mSl4IzORHa7Ya,0.748,0.777,10,-4.783,1,0.043,0.0471,0.00426,0.126,0.97,121.034,210875,4,thai indie rock,thai pop,,,,,,
143,PURPEECH,3xlC7Dw0uiwprXDHCU9SAu,3v5g7khNHS9726iyuI1iUs,หากจะเพียงขอ(Sincare),68,3v5g7khNHS9726iyuI1iUs,0.563,0.387,7,-8.687,1,0.037,0.729,0.0185,0.108,0.262,180.009,317656,3,thai pop,,,,,,,
145,Boyd Kosiyabong,7LiltnpnD4Q60750gWXrgB,7gKB3piJMHJPRxgpr8jSoB,เหมือนเคย (feat. Seattha Sirachaya),48,7gKB3piJMHJPRxgpr8jSoB,0.624,0.672,5,-8.344,0,0.0339,0.26,1.25e-05,0.0796,0.366,110.938,334667,4,thai pop,,,,,,,
147,VELIKA,1s5OUEKobcxAqQaDKQnRAi,467XT84TTQHkdifhD7eUgQ,หากว่าฉันได้ครอบครอง,67,467XT84TTQHkdifhD7eUgQ,0.739,0.317,6,-15.296,1,0.0946,0.822,2.52e-06,0.107,0.439,124.942,208742,3,,,,,,,,
149,Lower Mansion,0tNQk80J4jiIo3eOVvcda6,1uJbdRLz38VTAXxhyXRC85,เพลงรักในวันลา,65,1uJbdRLz38VTAXxhyXRC85,0.453,0.434,5,-6.854,0,0.026,0.522,3.04e-06,0.531,0.236,170.022,268941,3,,,,,,,,
160,Yahritza Y Su Esencia,51ZSh80McCt7vbqHouzW0A,4JdSXF2p71cr8uCY3UiJM0,Frágil,94,4JdSXF2p71cr8uCY3UiJM0,0.605,0.726,6,-4.515,1,0.0309,0.365,0.0,0.112,0.393,149.918,160518,4,sad sierreno,,,,,,,
161,Carin Leon,66ihevNkSYNzRAl44dx6jJ,25OeKzcqakFPaJlXHPE5lm,Primera Cita,81,25OeKzcqakFPaJlXHPE5lm,0.535,0.395,10,-7.805,1,0.0634,0.597,6.78e-05,0.0969,0.488,157.795,186456,3,banda,corrido,musica mexicana,sad sierreno,sierreno,,,
162,Natanael Cano,0elWFr7TW8piilVRYJUe4P,1oWkcc7hQdVYPQMyQ6AFov,Mi Bello Angel,89,1oWkcc7hQdVYPQMyQ6AFov,0.811,0.771,9,-5.956,0,0.0461,0.00551,0.0,0.0932,0.903,127.888,190667,3,corrido,corridos tumbados,musica mexicana,sad sierreno,sierreno,,,
167,Tainy,0GM7qgcRCORpGnfcN2tCiB,4eMKD8MRroxCqugpsxCCNb,MOJABI GHOST,94,4eMKD8MRroxCqugpsxCCNb,0.805,0.707,6,-3.758,0,0.0353,0.142,3.71e-05,0.563,0.744,122.014,228197,4,pop reggaeton,reggaeton,trap latino,urbano latino,,,,
169,Oscar Maydon,3l9G1G9MxH6DaRhwLklaf5,6TBzRwnX2oYd8aOrOuyK1p,Fin de Semana,90,6TBzRwnX2oYd8aOrOuyK1p,0.699,0.541,0,-4.943,1,0.0826,0.0628,0.0,0.0916,0.365,98.395,224921,4,corrido,corridos tumbados,sierreno,,,,,
172,Chino Pacas,2rmkQLzj0k4nZdQehOUByO,3kf0WdFOalKWBkCCLJo4mA,El Gordo Trae El Mando,91,3kf0WdFOalKWBkCCLJo4mA,0.736,0.8,7,-5.38,0,0.0525,0.179,0.0,0.0498,0.961,140.253,112087,3,corrido,,,,,,,
176,Feid,2LRoIwlKmHjgvigdNGBHNo,6XSqqQIy7Lm7SnwxS4NrGx,Classy 101,96,6XSqqQIy7Lm7SnwxS4NrGx,0.859,0.658,11,-4.79,1,0.159,0.145,0.0,0.12,0.672,100.065,195987,4,colombian pop,pop reggaeton,reggaeton colombiano,trap latino,urbano latino,,,
177,Eden Muñoz,1gJdf4Yybu4X5A2xYV3NMV,0qCPD6ilr9nXkI4KVZgcns,Abcdario,89,0qCPD6ilr9nXkI4KVZgcns,0.703,0.429,8,-9.076,1,0.0308,0.783,1.48e-06,0.113,0.416,129.034,220650,4,corrido,sierreno,,,,,,
179,Michelle Maciel,4WFwvZ4L8FZbt3qubbQJS6,7uuqrSuCjWxPTCVyOeGMyt,CCC,85,7uuqrSuCjWxPTCVyOeGMyt,0.711,0.914,7,-2.766,0,0.0677,0.0891,0.0,0.0749,0.939,148.056,126081,3,urbano mexicano,,,,,,,
181,Quevedo,52iwsT98xCoGgiGntTiR7K,6XbtvPmIpyCbjuT0e8cQtp,Columbia,95,6XbtvPmIpyCbjuT0e8cQtp,0.668,0.712,5,-5.927,1,0.0381,0.369,2.13e-05,0.108,0.264,100.02,186000,4,rap canario,trap latino,urbano latino,,,,,
182,Ryan Castro,7j6DKwmjbxvpQO8h914uEz,2hn2zOA2XFlv6DSmesylrL,QUEMA,84,2hn2zOA2XFlv6DSmesylrL,0.791,0.892,0,-2.58,1,0.0521,0.0509,0.000355,0.0609,0.916,97.008,150619,4,reggaeton,trap colombiano,trap latino,urbano latino,,,,
183,Tito Double P,5eumcnUkdmGvkvcsx1WFNG,0FkD2FHEZrZIofVkY6XPFK,DEMBOW BÉLICO,86,0FkD2FHEZrZIofVkY6XPFK,0.881,0.551,2,-6.41,1,0.123,0.0205,0.16,0.19,0.196,119.951,126523,4,,,,,,,,
184,Cartel De Santa,07PdYoE4jVRF6Ut40GgVSP,55ZATsjPlTeSTNJOuW90pW,Shorty Party,87,55ZATsjPlTeSTNJOuW90pW,0.928,0.468,2,-8.196,1,0.364,0.328,4.27e-06,0.0986,0.47,96.006,265000,4,latin hip hop,mexican hip hop,,,,,,
186,Belanova,3oNy8cjBtJzLC07I70sklp,6Z0ybnsUBhbZ9ZjPW64eoF,Rosa Pastel,64,6Z0ybnsUBhbZ9ZjPW64eoF,0.811,0.614,11,-7.089,0,0.0309,0.0215,0.00491,0.431,0.662,128.016,185933,4,latin arena pop,latin pop,mexican pop,,,,,
187,KAROL G,790FomKkXshlbRYZFtlgla,0DWdj2oZMBFSzRsi2Cvfzf,TQG,94,0DWdj2oZMBFSzRsi2Cvfzf,0.72,0.63,4,-3.547,0,0.277,0.673,0.0,0.0936,0.607,179.974,199440,4,reggaeton,reggaeton colombiano,trap latino,urbano latino,,,,
189,El Charlee,2HzPgQiQIeNPhKnc1GN085,7K23M56FcDPAJzF4LR7dA4,La 701,48,7K23M56FcDPAJzF4LR7dA4,0.847,0.825,5,-4.916,1,0.0441,0.294,0.0,0.187,0.888,149.889,180210,3,,,,,,,,
190,Becky G,4obzFoKoKRHIphyHzJ35G3,5RcxRGvmYai7kpFSfxe5GY,Chanel,89,5RcxRGvmYai7kpFSfxe5GY,0.852,0.675,2,-5.738,1,0.0363,0.397,0.00317,0.0905,0.528,132.005,201993,3,latin pop,latin viral pop,rap latina,reggaeton,urbano latino,,,
199,El Chachito,6OP8Y0UsezppFkU1hZU6EJ,1Fuc3pBiPFxAeSJoO8tDh5,En Paris,86,1Fuc3pBiPFxAeSJoO8tDh5,0.702,0.483,3,-7.99,0,0.0524,0.366,0.000131,0.124,0.769,138.842,162795,3,corrido,corridos tumbados,sierreno,,,,,
200,YOASOBI,64tJ2EAv1R6UaZqc4iOCyj,7ovUcF5uHTBRzUpB6ZOmvt,アイドル,91,7ovUcF5uHTBRzUpB6ZOmvt,0.574,0.935,1,-2.783,1,0.0926,0.112,1.07e-06,0.367,0.836,166.008,213234,4,j-pop,japanese teen pop,,,,,,
202,Vaundy,2IUl3m1H1EQ7QfNbNWvgru,10zz9RZt9DnqcxNWksRNrx,怪獣の花唄,81,10zz9RZt9DnqcxNWksRNrx,0.425,0.939,2,-3.498,1,0.054,0.00361,0.0,0.331,0.638,150.015,224806,4,j-pop,japanese soul,,,,,,
203,SPITZ,5kjGRHClVacSyllOUqU1S0,1H3qOzheTPhE7aVvJOWfvA,美しい鰭,77,1H3qOzheTPhE7aVvJOWfvA,0.545,0.913,1,-3.565,1,0.0298,0.0107,0.00029,0.245,0.747,98.047,211920,4,classic j-pop,j-pop,j-rock,,,,,
204,Tatsuya Kitani,7mvhRvEAHiCTQHUnH7fgnv,12usPU2WnqgCHAW1EK2dfd,青のすみか,81,12usPU2WnqgCHAW1EK2dfd,0.479,0.898,1,-4.809,1,0.169,0.0134,0.0,0.297,0.639,151.99,196467,4,japanese electropop,,,,,,,
205,Mrs. GREEN APPLE,4QvgGvpgzgyUOo8Yp8LDm9,170XOP1T4MvY9TLTgPw07D,Magic,72,170XOP1T4MvY9TLTgPw07D,0.671,0.758,7,-3.793,1,0.0474,0.0604,0.0,0.332,0.537,117.51,263107,4,anime rock,j-pop,j-rock,,,,,
208,OFFICIAL HIGE DANDISM,5Vo1hnCRmCM6M4thZCInCj,6wffxmLgeZTbvS1hYvLkht,Tattoo,62,6wffxmLgeZTbvS1hYvLkht,0.481,0.901,0,-5.629,1,0.163,0.0114,0.0,0.314,0.817,194.084,288100,4,anime,anime rock,j-pop,,,,,
212,MY FIRST STORY,6cutt8thPFUICMfxaYerWd,5m21ZR5lO6U0tp9KENxuCc,I'm a mess,71,5m21ZR5lO6U0tp9KENxuCc,0.485,0.946,6,-3.721,0,0.11,0.0068,0.0,0.289,0.621,130.059,251333,4,j-pop,j-rock,japanese post-hardcore,,,,,
213,Fujii Kaze,6bDWAcdtVR3WHz2xtiIPUi,2vMc8rqFmqs7RFi8NDx0CJ,Garden,62,2vMc8rqFmqs7RFi8NDx0CJ,0.589,0.527,4,-8.332,1,0.0572,0.0932,0.000337,0.104,0.576,138.023,229333,4,japanese teen pop,,,,,,,
214,MAN WITH A MISSION,3NTbOmzlj2cL86XFuDVFvZ,2VBLFxCUyFp5BfmsZpxcis,絆ノ奇跡,83,2VBLFxCUyFp5BfmsZpxcis,0.436,0.951,7,-4.748,0,0.202,0.0046,0.0,0.149,0.428,169.955,223320,4,anime rock,j-pop,j-rock,,,,,
215,Conton Candy,6FuFgQvi3GNYr4yDuh4Fxq,7gUuCeZLFynSj28GCjoiGG,ファジーネーブル,76,7gUuCeZLFynSj28GCjoiGG,0.563,0.645,1,-4.53,1,0.0457,0.00845,8.06e-05,0.295,0.476,135.022,237400,4,,,,,,,,
217,natori,6WmXWHmfBMhupyIs8MSqtu,2Dzzhb1oV5ckgOjWZLraIB,Overdose,81,2Dzzhb1oV5ckgOjWZLraIB,0.733,0.598,4,-9.453,0,0.0377,0.0307,1.7e-05,0.218,0.831,118.012,197094,4,,,,,,,,
220,Tani Yuuki,0B1ce3uNrzkdm76NXI4mhX,3cBghvTcQNDNkW98Y4eGaP,W / X / Y,60,3cBghvTcQNDNkW98Y4eGaP,0.628,0.775,2,-4.479,1,0.0535,0.159,0.0,0.33,0.674,106.382,278119,3,j-pop,japanese teen pop,,,,,,
221,Yuuri,0ixzjrK1wkN2zWBXt3VW3W,7M0dIdZWN1FDcveRdoOzbZ,ビリミリオン,75,7M0dIdZWN1FDcveRdoOzbZ,0.364,0.628,10,-6.142,1,0.0319,0.238,0.0,0.0931,0.612,93.792,228760,3,j-pop,japanese singer-songwriter,japanese teen pop,,,,,
223,imase,4TaSvnT5o4REFwhqfrmK27,0bdAQ9dwLA5cJtgM05PRKW,Nagisa,77,0bdAQ9dwLA5cJtgM05PRKW,0.738,0.864,9,-4.489,1,0.0512,0.203,2.31e-06,0.147,0.951,128.048,226489,4,japanese teen pop,,,,,,,
225,QUEEN BEE,6whFEcaV75AmQMiwlfaxvc,45LUKiex0D78VuhP3Oz6mG,メフィスト,80,45LUKiex0D78VuhP3Oz6mG,0.531,0.731,2,-5.885,0,0.0522,0.0411,0.0,0.151,0.549,150.01,227320,4,anime rock,dance rock,j-rock,,,,,
226,Saucy Dog,4WqXqPmUuenMIr4QaFrZXN,4UALTBWz0OdQcjbTsjFceV,Cinderella Boy,55,4UALTBWz0OdQcjbTsjFceV,0.596,0.735,9,-6.362,1,0.0332,0.0748,0.0,0.269,0.524,108.106,234324,4,j-indie,j-pop,japanese alternative rock,,,,,
229,ヨルシカ,4UK2Lzi6fBfUi9rpDt6cik,3wJHCry960drNlAUGrJLmz,ただ君に晴れ,77,3wJHCry960drNlAUGrJLmz,0.679,0.834,5,-3.223,1,0.032,0.343,5.74e-06,0.119,0.962,139.996,198971,4,j-pop,,,,,,,
230,Kenshi Yonezu,1snhtMLeb2DYoMOcVbb8iB,3khEEPRyBeOUabbmOPJzAG,KICK BACK,84,3khEEPRyBeOUabbmOPJzAG,0.577,0.941,1,-5.17,1,0.105,0.00207,3.36e-06,0.0891,0.292,101.921,193495,4,anime,j-pop,,,,,,
232,back number,6rs1KAoQnFalSqSU4LTh8g,3RvdkNMcSy71m0aT6UF9Uf,水平線,73,3RvdkNMcSy71m0aT6UF9Uf,0.424,0.761,10,-3.526,1,0.0305,0.0103,0.0,0.145,0.424,145.816,288013,4,j-pop,j-rock,,,,,,
233,Aimyon,5kVZa4lFUmAQlBogl1fkd6,2piySGAWgVwsRKm60SfOmF,ai no hana,53,2piySGAWgVwsRKm60SfOmF,0.469,0.507,10,-6.21,1,0.0303,0.287,0.0,0.0773,0.469,170.028,240044,3,j-acoustic,j-pop,,,,,,
235,Macaroni Empitsu,1t17z3vfuc82cxSDMrvryJ,5W7Y92LB4jWvu9NeEQ0GZl,なんでもないよ、,74,5W7Y92LB4jWvu9NeEQ0GZl,0.598,0.511,4,-6.015,1,0.0423,0.245,0.0,0.0732,0.652,171.845,219253,4,anime,j-pop,japanese alternative rock,japanese teen pop,,,,
236,MUKADE,4d1EYQLZDof8IHoNt8i9FR,69lJz2fXXptw0YU5hF3L47,KIMINOMAMA,45,69lJz2fXXptw0YU5hF3L47,0.836,0.771,7,-4.441,1,0.106,0.435,0.0,0.172,0.664,123.977,177581,4,,,,,,,,
237,Ado,6mEQK9m2krja6X1cfsAjfl,6A8NfypDHuwiLWbo4a1yca,New Genesis,69,6A8NfypDHuwiLWbo4a1yca,0.49,0.987,7,-2.279,1,0.253,0.049,3.24e-06,0.406,0.451,175.064,226813,4,j-pop,japanese teen pop,,,,,,
239,10-FEET,0QZqdhoRQkn1VphAa5eX8h,6zjk7Qbwb9DZ4ykUUoqknh,第ゼロ感,73,6zjk7Qbwb9DZ4ykUUoqknh,0.445,0.94,7,-4.16,1,0.175,2.77e-05,1.34e-05,0.32,0.349,150.082,286000,4,j-pop,j-rock,japanese punk rock,japanese ska,,,,
240,Novelbright,0jWCX6zp4RjWrmZRxJ2uri,1VHL1PIkhDwWbFc65xHwOr,愛とか恋とか,74,1VHL1PIkhDwWbFc65xHwOr,0.697,0.556,6,-5.089,1,0.0364,0.698,0.0,0.0991,0.404,89.987,232453,4,j-pop,j-rock,,,,,,
243,LE SSERAFIM,4SpbR6yFEvexJuaBpgAU5p,51vRumtqbkNW9wrKfESwfu,UNFORGIVEN (feat. Nile Rodgers),88,51vRumtqbkNW9wrKfESwfu,0.795,0.875,4,-4.079,0,0.0525,0.111,8.94e-05,0.107,0.375,104.008,182149,4,k-pop girl group,,,,,,,
247,IVE,6RHTUrRF63xao58xh9FXYJ,70t7Q6AYG6ZgTYmJWcnkUM,I AM,88,70t7Q6AYG6ZgTYmJWcnkUM,0.683,0.875,4,-4.866,0,0.0549,0.0115,0.0,0.084,0.384,122.002,183853,4,k-pop girl group,,,,,,,
250,Sachin-Jigar,1mBydYMVBECdDmMfE2sEUO,5GhNEr3AQtMhHGYLRgCSV5,Tere Vaaste,68,5GhNEr3AQtMhHGYLRgCSV5,0.762,0.717,7,-8.316,0,0.0372,0.315,1.87e-05,0.0914,0.958,109.996,189136,4,filmi,gujarati pop,modern bollywood,,,,,
251,Shubh,5r3wPya2PpeTTsXsGhQU8O,4eBvRhTJ2AcxCsbfTUjoRp,Cheques,87,4eBvRhTJ2AcxCsbfTUjoRp,0.742,0.627,4,-8.939,0,0.0533,0.262,1.23e-05,0.269,0.356,89.998,183757,4,desi hip hop,punjabi hip hop,,,,,,
253,Darshan Raval,2GoeZ0qOTt6kjsWW4eA6LS,2ncqKdTj6dz7tWoTMMrAtq,Mahiye Jinna Sohna,85,2ncqKdTj6dz7tWoTMMrAtq,0.567,0.54,1,-5.754,1,0.0406,0.736,3.17e-05,0.164,0.331,92.027,181250,4,desi pop,filmi,gujarati pop,modern bollywood,,,,
255,King,5NHm4TU5Twz7owibYxJfFU,1418IuVKQPTYqt7QNJ9RXN,Maan Meri Jaan,87,1418IuVKQPTYqt7QNJ9RXN,0.698,0.505,6,-8.242,0,0.0356,0.354,0.0,0.0995,0.396,95.868,194654,4,desi pop,hindi hip hop,,,,,,
257,Riar Saab,34gAaWeYZoRER7MY3KBy1Q,6Z4rRhYZVQsYKmrxD40tru,Obsessed,87,6Z4rRhYZVQsYKmrxD40tru,0.798,0.74,5,-4.099,0,0.0861,0.616,0.0,0.084,0.851,134.932,190444,4,punjabi pop,,,,,,,
258,Anirudh Ravichander,4zCH9qm4R2DADamUHMCa6O,1B02UI29t3PTh3m98absaP,"Naa Ready (From ""Leo"")",85,1B02UI29t3PTh3m98absaP,0.726,0.805,1,-5.576,1,0.153,0.081,0.00784,0.0318,0.572,87.956,248182,4,desi hip hop,filmi,tamil hip hop,,,,,
259,Various Artists,0LyfQWJT6nXafLPZqxe9Of,00ake6KfnzbZ2MaRLGqsyX,"Tum Kya Mile (From ""Rocky Aur Rani Kii Prem Kahaani"")",65,00ake6KfnzbZ2MaRLGqsyX,0.271,0.726,7,-6.504,1,0.0527,0.586,0.0,0.353,0.532,87.425,277500,4,,,,,,,,
260,Sachet Tandon,6WOdPJmexxFINcKMkP2jMG,73K33p4Vyz9koXGqmL5eFs,Malang Sajna,85,73K33p4Vyz9koXGqmL5eFs,0.739,0.716,10,-4.964,1,0.037,0.232,0.0,0.33,0.871,113.943,160194,4,desi pop,filmi,modern bollywood,,,,,
261,Sharn,74RGMjbSsFv5RLj8wVx9Yv,24MMjyA3NLqCsDJfsn51eg,Mi Amor,82,24MMjyA3NLqCsDJfsn51eg,0.637,0.703,4,-5.297,0,0.0789,0.53,4.23e-06,0.11,0.553,81.99,203049,4,desi pop,,,,,,,
262,DIVINE,4Ai0pGz6GhQavjzaRhPTvz,3GEiVoaUXq468gfYs2EPfh,Chorni,82,3GEiVoaUXq468gfYs2EPfh,0.792,0.704,2,-5.706,1,0.333,0.126,0.0,0.117,0.618,90.491,181000,4,desi hip hop,desi trap,hindi hip hop,,,,,
263,Pritam,1wRPtKGflJrBx9BmLsSwlU,4UMIv5jd9gK98a39BQRD9X,Kesariya,80,4UMIv5jd9gK98a39BQRD9X,0.577,0.574,0,-6.525,1,0.0278,0.572,0.0,0.1,0.436,94.009,268165,4,filmi,indian instrumental,modern bollywood,,,,,
266,Arijit Singh,4YRxDV8wJFPHPTeXepOstw,2FCXQHugkoHE1K3tiDu8pu,"Agar Tum Saath Ho (From ""Tamasha"")",80,2FCXQHugkoHE1K3tiDu8pu,0.562,0.519,3,-8.744,1,0.0326,0.557,0.000268,0.172,0.415,122.925,341055,4,filmi,modern bollywood,,,,,,
267,Aditya A,4wwYGgSpeBtvk5WX6HBqzw,0snQrp1VaY5Pj1YIHRJpRJ,Chaand Baaliyan,82,0snQrp1VaY5Pj1YIHRJpRJ,0.729,0.396,0,-8.98,1,0.0359,0.796,0.0,0.104,0.886,97.281,103265,4,desi pop,hindi indie,,,,,,
268,Javed-Mohsin,2zvJLk0gTH7r7A5Q6X5Bq8,51DEaelXeJJ6cFFYbX8Hal,Zihaal e Miskin,83,51DEaelXeJJ6cFFYbX8Hal,0.581,0.632,9,-7.166,0,0.0331,0.259,0.0,0.0903,0.386,128.844,243953,4,desi pop,modern bollywood,,,,,,
269,Sunny Yaduvanshi,07XZWWsqwn2QshmfoYzKIU,4JvziZ2kQsbzfvRQtpYfmJ,Yadav Brand 2,78,4JvziZ2kQsbzfvRQtpYfmJ,0.775,0.612,11,-6.329,0,0.231,0.359,0.0,0.106,0.776,173.953,174253,4,,,,,,,,
270,Mithoon,09UmIX92EUH9hAK4bxvHx6,03hJuEQpEQERrHpjcXKWzJ,"Tumhe Kitna Pyaar Karte (From ""Bawaal"")",78,03hJuEQpEQERrHpjcXKWzJ,0.602,0.374,10,-9.849,0,0.0328,0.924,7.53e-06,0.084,0.388,101.855,305232,4,filmi,modern bollywood,,,,,,
272,Anuv Jain,4gdMJYnopf2nEUcanAwstx,5iCY0TXNImK4hyKfcplQsg,Baarishein,82,5iCY0TXNImK4hyKfcplQsg,0.475,0.124,2,-9.463,1,0.0444,0.926,0.0,0.0972,0.19,94.42,207310,4,desi pop,hindi indie,indian indie,indian singer-songwriter,,,,
274,Kaifi Khalil,1n9EM0Y4A89vuRiA93gSS9,4VsP4Dm8gsibRxB5I2hEkw,Kahani Suno 2.0,84,4VsP4Dm8gsibRxB5I2hEkw,0.577,0.379,11,-13.235,1,0.0374,0.909,0.000586,0.0986,0.26,139.585,173638,3,balochi pop,,,,,,,
277,Chani Nattan,1sSYaQBOI71QZDZ9OWW3hp,3wz2vWhYnnBoFmgMkqtzLy,Daku,83,3wz2vWhYnnBoFmgMkqtzLy,0.847,0.558,8,-5.855,0,0.0663,0.325,0.0,0.135,0.495,98.062,131078,4,punjabi pop,,,,,,,
278,Ikky,3nqS8jzqmsPKFJTp0BOIel,42TMa2hgBNjte4uV7jNCnQ,Baller,83,42TMa2hgBNjte4uV7jNCnQ,0.711,0.702,5,-10.048,1,0.233,0.00487,0.0163,0.0932,0.674,180.219,148188,4,punjabi pop,,,,,,,
279,B Praak,56SjZARoEvag3RoKWIb16j,6t7PuZfHAtNGheWisgUq3I,Kya Loge Tum,82,6t7PuZfHAtNGheWisgUq3I,0.69,0.738,0,-4.046,1,0.0533,0.189,0.0,0.109,0.642,113.824,233684,3,desi pop,filmi,punjabi pop,,,,,
280,Tanishk Bagchi,4f7KfxeHq9BiylGmyXepGt,2rOnSn2piaqLAlYjtfUBlY,"Raataan Lambiyan (From ""Shershaah"")",80,2rOnSn2piaqLAlYjtfUBlY,0.72,0.63,10,-5.549,1,0.0413,0.615,0.0,0.108,0.512,81.009,230292,4,filmi,modern bollywood,,,,,,
282,Cheema Y,0uOUeC51AxGnP6hB8gurwt,610keNiNVTIkYD0CqeSerg,California Love,80,610keNiNVTIkYD0CqeSerg,0.648,0.609,1,-6.467,0,0.314,0.126,2.28e-06,0.107,0.405,177.981,188880,4,punjabi pop,,,,,,,
284,Sachet-Parampara,1SyKki7JI1AZNKwgNMkn25,5aMLADD1Ho6Ogq8s8mIzB9,"Ram Siya Ram (From ""Adipurush"")",79,5aMLADD1Ho6Ogq8s8mIzB9,0.426,0.617,1,-6.377,0,0.0278,0.599,6.25e-05,0.181,0.52,81.982,230092,4,desi pop,filmi,modern bollywood,,,,,
285,Daddy Yankee,4VMYDCV2IEDYJArk749S6m,228BxWXUYQPJrJYHDLOHkj,Gasolina,89,228BxWXUYQPJrJYHDLOHkj,0.852,0.797,0,-6.543,1,0.0614,0.322,2.69e-06,0.0845,0.741,96.008,192600,4,latin hip hop,reggaeton,trap latino,urbano latino,,,,
286,Laddi Chahal,3lmszXxkp47K9kDCRRPU8p,03yKEFruN3BS2coglBtt2N,Rubicon Drill,82,03yKEFruN3BS2coglBtt2N,0.868,0.745,11,-5.82,0,0.268,0.187,0.000342,0.431,0.762,139.9,188571,4,punjabi pop,,,,,,,
289,AP Dhillon,6LEG9Ld1aLImEFEVHdWNSB,29m79w9xPMH4YCD6r8JSmV,Excuses,82,29m79w9xPMH4YCD6r8JSmV,0.837,0.717,5,-7.749,0,0.0822,0.0842,0.0,0.149,0.494,94.984,176233,4,desi hip hop,desi pop,punjabi hip hop,punjabi pop,,,,
291,Madhur Sharma,2kfi47LWmlXzQ3p3kWonfQ,3mUkVsovIuscQlSoMhmAZt,Kali Kali Zulfon Ke (Lo-Fi),78,3mUkVsovIuscQlSoMhmAZt,0.358,0.463,7,-7.075,1,0.0375,0.816,0.0,0.155,0.15,152.353,77253,3,desi pop,,,,,,,
293,Vishal Mishra,5wJ1H6ud777odtZl5gG507,0645eBDehHcqfiF15hscQV,"Janiye (from the Netflix Film ""Chor Nikal Ke Bhaga"")",74,0645eBDehHcqfiF15hscQV,0.578,0.444,8,-11.447,0,0.0644,0.44,0.0,0.146,0.36,76.032,223390,4,desi pop,filmi,modern bollywood,,,,,
295,Payal Dev,6FtZhorjCMfkaVJ7kKdmq7,3dpM3ijJz0vGzbkh5DcMXz,"Naseeb Se (From ""Satyaprem Ki Katha"")",79,3dpM3ijJz0vGzbkh5DcMXz,0.557,0.599,9,-6.309,0,0.0447,0.556,1.22e-06,0.103,0.392,149.785,184312,4,desi pop,filmi,modern bollywood,,,,,
298,Sidhu Moose Wala,4PULA4EFzYTrxYvOVlwpiQ,5W7DOVGQLTigu09afW7QMT,295,82,5W7DOVGQLTigu09afW7QMT,0.557,0.794,11,-5.698,0,0.2,0.179,0.0,0.106,0.432,91.366,270000,4,desi hip hop,pakistani hip hop,punjabi hip hop,punjabi pop,,,,
301,Keung To,0DwdA5ZgTJcIQ2uIhc110D,2CwGJLH5jTBlVQhMfjCc6e,Dummy,77,2CwGJLH5jTBlVQhMfjCc6e,0.631,0.865,3,-4.415,0,0.221,0.11,0.0,0.0866,0.51,172.716,246144,4,cantopop,hk-pop,,,,,,
306,Anson Lo 盧瀚霆,2G4Ntbg3dYqkUAGrMUZ0U7,7nJlkwxJSNDqO20WWeLuNX,Nah,70,7nJlkwxJSNDqO20WWeLuNX,0.644,0.855,5,-3.426,0,0.248,0.073,0.0,0.132,0.67,155.93,233188,4,hk-pop,,,,,,,
310,陳卓賢 Ian,1qW9Pi35NXnu7Q8KWyVYe6,3mVO7XaN9ULGNuXteiCOz3,再見 寧靜海,68,3mVO7XaN9ULGNuXteiCOz3,0.466,0.471,10,-8.524,1,0.039,0.5,0.0,0.113,0.229,146.879,250677,4,cantopop,hk-pop,,,,,,
311,(G)I-DLE,2AfmfGFbe0A0WsTYm0SDTx,4uOBL4DDWWVx4RhYKlPbPC,Queencard,90,4uOBL4DDWWVx4RhYKlPbPC,0.815,0.834,4,-2.828,0,0.0475,0.0327,0.000268,0.27,0.692,129.989,161240,4,k-pop,k-pop girl group,,,,,,
317,MC 張天賦,5tRk0bqMQubKAVowp35XtC,3x2hKSUf8O8IqI1shmxGnp,老派約會之必要,61,3x2hKSUf8O8IqI1shmxGnp,0.679,0.563,10,-7.009,1,0.0334,0.503,0.0,0.102,0.631,107.014,223951,4,cantopop,hk-pop,,,,,,
323,Terence Lam,3tvtGR8HzMHDbkLeZrFiBI,3xO69oVpP3pSIKG9CIMEm4,怪我只敢做好人,58,3xO69oVpP3pSIKG9CIMEm4,0.621,0.303,0,-13.412,1,0.03,0.761,0.64,0.125,0.233,124.019,238649,4,cantopop,,,,,,,
328,Hins Cheung,2MVfNjocvNrE03cQuxpsWK,6bMgCXapeQEVFgAOr8EvgY,隱形遊樂場,62,6bMgCXapeQEVFgAOr8EvgY,0.485,0.452,7,-7.212,1,0.0379,0.436,7.07e-06,0.196,0.158,133.517,233187,4,cantopop,,,,,,,
331,Dear Jane,6V1SwiosQqf5XvmoTMCGa9,1t5D0Y5VMTEISUpAZXoFpN,到底發生過什麼事,44,1t5D0Y5VMTEISUpAZXoFpN,0.419,0.811,11,-5.263,1,0.0364,0.101,0.0,0.307,0.563,165.966,259375,4,cantopop,,,,,,,
334,Gareth.T,6R57JlNKlnNrYaji0vw8xx,5KpWHEh32vzxkttIK3KHKI,國際孤獨等級,60,5KpWHEh32vzxkttIK3KHKI,0.595,0.205,3,-10.588,1,0.0463,0.844,0.0,0.137,0.528,135.506,192801,4,hk-pop,hong kong hip hop,,,,,,
339,Coca-Cola Hong Kong,0wTxCGuTsFbWO9ePajJ8Y6,5DuzFa95k6It0RXVTUwMYH,無糖可口可樂 X 姜濤 • 無可取代,59,5DuzFa95k6It0RXVTUwMYH,0.795,0.858,2,-6.08,1,0.285,0.0843,0.0,0.136,0.824,149.878,67527,4,,,,,,,,
341,Jay Fung,4EXI1ieJe2VDbvNsKOaNQL,1jPDZpQoMwgmP3CzmIiTxB,給缺席的人唱首歌,58,1jPDZpQoMwgmP3CzmIiTxB,0.577,0.6,0,-6.296,1,0.0331,0.594,0.0,0.155,0.446,133.987,237404,4,cantopop,,,,,,,
343,KANGDANIEL,5vGoWnZO65NBgiZYBmi3iW,3x9zIsVAQUNvU3J2tR58Di,SOS,75,3x9zIsVAQUNvU3J2tR58Di,0.55,0.693,5,-5.179,0,0.0309,0.00484,0.0,0.0933,0.292,85.023,191827,4,k-pop,,,,,,,
347,WeiBird,7y3HnWCFEvWj4KM9GFSkiX,72OVnXDzugvrCU25lMi9au,"如果可以 - 電影""月老""主題曲",72,72OVnXDzugvrCU25lMi9au,0.54,0.54,3,-6.368,1,0.029,0.241,0.0,0.351,0.372,74.969,274400,4,chinese r&b,mandopop,taiwan singer-songwriter,,,,,
349,Winka 陳泳伽,1wmTLcYhwwD3GbNoI2Vwls,7D0xhG1kyWghQgAbtHXoN4,一手造成,57,7D0xhG1kyWghQgAbtHXoN4,0.556,0.473,7,-6.401,1,0.0384,0.718,0.0,0.269,0.182,123.504,218602,4,hk-pop,,,,,,,
361,The Weeknd,1Xyo4u8uXC1ZmMpatF05PJ,6WzRpISELf3YglGAh7TXcG,Popular (with Playboi Carti & Madonna) - Music from the HBO Original Series,92,6WzRpISELf3YglGAh7TXcG,0.855,0.678,1,-6.276,1,0.189,0.0569,3.69e-05,0.412,0.852,99.029,215467,4,canadian contemporary r&b,canadian pop,pop,,,,,
369,David Guetta,1Cs0zKBU1kc0i8ypK3B9ai,4uUG5RXrOk84mYEfFvj3cK,I'm Good (Blue),95,4uUG5RXrOk84mYEfFvj3cK,0.561,0.965,7,-3.673,0,0.0343,0.00383,7.07e-06,0.371,0.304,128.04,175238,4,big room,dance pop,edm,pop,pop dance,,,
372,OneRepublic,5Pwc4xIPtQLFEnJriah9YJ,4h9wh7iOZ0GGn8QVp4RAOB,I Ain't Worried,95,4h9wh7iOZ0GGn8QVp4RAOB,0.704,0.797,0,-5.927,1,0.0475,0.0826,0.000745,0.0546,0.825,139.994,148486,4,piano rock,pop,,,,,,
377,Dua Lipa,6M2wZ9GZgrQXHCFfjv46we,1vYXt7VSjH9JIM5oRRo7vA,Dance The Night (From Barbie The Album),95,1vYXt7VSjH9JIM5oRRo7vA,0.671,0.845,11,-4.93,0,0.048,0.0207,0.0,0.329,0.775,110.056,176579,4,dance pop,pop,uk pop,,,,,
380,Glass Animals,4yvcSjfu4PC0CYQyLy4wSq,3USxtqRwSYz57Ewm6wWRMp,Heat Waves,93,3USxtqRwSYz57Ewm6wWRMp,0.761,0.525,11,-6.9,1,0.0944,0.44,6.7e-06,0.0921,0.531,80.87,238805,4,gauze pop,indietronica,modern rock,pov: indie,shiver pop,,,
397,Miguel,360IAlyVv4PCEVjgyMZrxK,0JXXNGljqupsJaZsgSbMZV,Sure Thing,91,0JXXNGljqupsJaZsgSbMZV,0.684,0.607,11,-8.127,0,0.1,0.0267,0.000307,0.191,0.498,81.001,195373,4,r&b,,,,,,,
398,Charlotte Cardin,1G0YV9WooUBjrwDq0Q7EFK,0ELnNmc1vQFW3aPEzQ5zOg,Confetti,65,0ELnNmc1vQFW3aPEzQ5zOg,0.798,0.496,3,-5.825,1,0.106,0.539,1.21e-06,0.325,0.448,111.055,184650,4,canadian pop,indie quebecois,,,,,,
399,Tory Lanez,2jku7tDXc6XoB6MO2hFuqg,3azJifCSqg9fRij2yKIbWz,The Color Violet,90,3azJifCSqg9fRij2yKIbWz,0.645,0.534,6,-10.8,0,0.0479,0.157,0.0,0.0863,0.463,105.02,226467,4,canadian hip hop,canadian trap,melodic rap,r&b,rap,toronto rap,trap,
400,DENNIS,6xlRSRMLgZbsSNd0BMobwy,0fABszUFNbNq9IW503Gj8v,Tá OK,93,0fABszUFNbNq9IW503Gj8v,0.863,0.96,11,-1.458,1,0.0492,0.497,0.00526,0.0853,0.586,130.118,92093,4,funk carioca,funk das antigas,sertanejo universitario,,,,,
401,Mc Livinho,7me0S5Z40qVWj3gzyK8aC3,2uhw2oYbugGJbn10wipNX5,Novidade na Área,90,2uhw2oYbugGJbn10wipNX5,0.625,0.34,5,-12.004,1,0.0873,0.763,4.99e-05,0.354,0.36,130.231,120014,4,funk carioca,funk paulista,funk rj,sertanejo universitario,,,,
402,Mc Pedrinho,1etNnR2SdlelBQAICa2Q5m,0U9CZWq6umZsN432nh3WWT,"Gol Bolinha, Gol Quadrado 2",89,0U9CZWq6umZsN432nh3WWT,0.926,0.652,11,-3.473,0,0.251,0.418,0.0,0.121,0.677,132.957,117293,4,funk carioca,funk mtg,funk paulista,,,,,
403,Veigh,4YqwRbMLqGHRHLS1w2ZKse,4hKLzFvNwHF6dPosGT30ed,Novo Balanço,90,4hKLzFvNwHF6dPosGT30ed,0.836,0.499,3,-5.82,0,0.0563,0.669,0.0,0.134,0.65,124.05,140323,4,trap brasileiro,,,,,,,
404,AgroPlay,0uGWkZRPp1Urk77XBrPBsZ,4uqJelb9THHmJ3OCohg4ZJ,Nosso Quadro,84,4uqJelb9THHmJ3OCohg4ZJ,0.691,0.708,9,-4.821,1,0.195,0.338,0.0,0.311,0.602,160.018,173698,4,agronejo,,,,,,,
405,Simone Mendes,2eK9gcJQ6uqVvJL63dnOM3,51pxwIxDVCbFHW8oyJFQXD,Erro Gostoso - Ao Vivo,90,51pxwIxDVCbFHW8oyJFQXD,0.588,0.893,6,-2.743,1,0.0866,0.176,0.0,0.803,0.626,153.778,178812,4,sertanejo,,,,,,,
406,Ana Castela,2CKOmarVWvWqkNWUatHCex,4Z2i41GDQyu3KRpBavEnyR,Solteiro Forçado - Boiadeira Internacional,86,4Z2i41GDQyu3KRpBavEnyR,0.655,0.669,6,-4.047,1,0.0275,0.636,0.0,0.245,0.436,139.975,194582,4,agronejo,funk rj,sertanejo pop,,,,,
407,Israel & Rodolffo,41QLxRXlc2NwfJZkHGHKid,3PH1nUysW7ybo3Yu8sqlPN,Seu Brilho Sumiu - Ao Vivo,87,3PH1nUysW7ybo3Yu8sqlPN,0.625,0.916,6,-3.704,1,0.0461,0.309,0.0,0.906,0.746,153.664,168840,4,agronejo,arrocha,sertanejo,sertanejo universitario,,,,
408,Vulgo FK,27azwwkxutWL1BWMkgNIh0,1Vy9Wn5sbiduZKBqBlH3Mc,Ballena,81,1Vy9Wn5sbiduZKBqBlH3Mc,0.664,0.508,9,-7.684,0,0.33,0.307,0.0,0.126,0.228,120.313,200000,4,trap brasileiro,,,,,,,
409,Kadu Martins,57VQCKnZ9nhS7bvoviXuZK,4pWsXhLUdtBKlw9npIXZAl,Halls na Língua,86,4pWsXhLUdtBKlw9npIXZAl,0.833,0.676,9,-7.426,0,0.0573,0.0796,0.0,0.123,0.876,125.065,192321,4,,,,,,,,
410,Zé Neto & Cristiano,487N2T9nIPEHrlTZLL3SQs,4xAGuRRKOgoaZbMGdmTD3N,Oi Balde - Ao Vivo,75,4xAGuRRKOgoaZbMGdmTD3N,0.67,0.668,2,-6.411,1,0.0459,0.601,0.0,0.803,0.552,107.995,159158,4,agronejo,arrocha,sertanejo,sertanejo universitario,,,,
411,Grupo Menos É Mais,6vTqEFbTtTRJsuIpzZgjxi,4f0aDk7HX37SfzerfznYlr,Lapada Dela - Ao Vivo,88,4f0aDk7HX37SfzerfznYlr,0.691,0.752,4,-6.796,0,0.157,0.708,6.07e-06,0.912,0.684,167.073,159323,4,pagode,pagode novo,,,,,,
412,Dyamante DJ,3i7Bn2SoEkRVEGkdz9o6Yu,3Nvzs0cJbLwhXPPlI8xzpC,Vai Novinha Ah Ah Ah,87,3Nvzs0cJbLwhXPPlI8xzpC,0.913,0.885,0,-3.885,1,0.0509,0.169,0.00795,0.0859,0.811,130.095,123820,4,funk rj,,,,,,,
413,Guilherme & Benuto,6m6e7D2TnV0aYMllFFwMxu,0redQHBfejmPUhonR5ppGC,Duas Três,88,0redQHBfejmPUhonR5ppGC,0.656,0.842,5,-3.746,0,0.201,0.574,0.0,0.689,0.721,159.918,156942,4,agronejo,arrocha,sertanejo,sertanejo universitario,,,,
414,Luan Pereira,5kVgcCdPbeUwxBqWxi2Ktl,1mimc5QiUuwmVYdXkWvgOQ,MOLETOM,85,1mimc5QiUuwmVYdXkWvgOQ,0.657,0.854,8,-4.424,1,0.0761,0.177,0.0,0.382,0.714,139.958,207344,4,agronejo,,,,,,,
415,Henrique & Juliano,3p7PcrEHaaKLJnPUGOtRlT,0JIYoXtJfORxI6gRpHv6ZW,Traumatizei - Ao Vivo Em Brasília,88,0JIYoXtJfORxI6gRpHv6ZW,0.483,0.91,11,-3.474,1,0.0845,0.13,0.0,0.395,0.576,166.057,172005,4,agronejo,arrocha,sertanejo,sertanejo universitario,,,,
416,Luan Santana,3qvcCP2J0fWi0m0uQDUf6r,4zUFA8l78k4tCmoVuGtV8z,MEIO TERMO - Ao Vivo,87,4zUFA8l78k4tCmoVuGtV8z,0.483,0.954,9,-4.786,1,0.18,0.13,0.0,0.392,0.361,164.109,175468,4,arrocha,sertanejo,sertanejo universitario,,,,,
417,Matheus & Kauan,2Z0lRIqr997lIUiPtrpKCr,4sqpSDnTrbS8v7RMNCUyqS,Não Vitalício (Nunca Mais) - Ao Vivo,88,4sqpSDnTrbS8v7RMNCUyqS,0.418,0.925,1,-2.941,1,0.385,0.396,0.0,0.766,0.627,71.49,169836,4,agronejo,arrocha,pop nacional,sertanejo,sertanejo universitario,,,
419,MC Caverinha,7tojcuXcZ7eBlQjbAc65Ee,12YCtLHGk6tP6RbHDHflCs,Cartão Black,87,12YCtLHGk6tP6RbHDHflCs,0.842,0.468,9,-8.572,0,0.637,0.255,0.0,0.202,0.547,107.727,159973,4,trap brasileiro,,,,,,,
420,Marília Mendonça,1yR65psqiazQpeM79CcGh8,53PpijFATt35Zxfl6LTxoK,Leão,75,53PpijFATt35Zxfl6LTxoK,0.743,0.865,6,-3.897,1,0.0315,0.449,3.05e-06,0.297,0.794,129.999,166775,4,arrocha,sertanejo,sertanejo universitario,,,,,
421,Melody,7ySZCEP4HFGckYYPK5rqFI,3P2ubMyuL9NQOVU67TVCXA,"Love, Love",84,3P2ubMyuL9NQOVU67TVCXA,0.875,0.703,7,-3.644,1,0.0568,0.352,0.0,0.326,0.971,142.064,133385,4,pop nacional,pop teen brasileiro,,,,,,
424,Gustavo Mioto,1X6ORK7IekgmyjV6IFPszP,1nf1HJdTWXwf9XHQebGlOd,Quando Apaga A Luz - Ao Vivo,83,1nf1HJdTWXwf9XHQebGlOd,0.7,0.914,2,-3.047,0,0.0539,0.168,0.0,0.761,0.776,149.918,144298,4,arrocha,sertanejo,sertanejo universitario,,,,,
428,KayBlack,2h5Ha0ZiMFmOQD3iYcSXsy,2LTlykcdu0gwb7zcKneo2a,Melhor Só,85,2LTlykcdu0gwb7zcKneo2a,0.605,0.386,5,-9.965,0,0.166,0.272,0.0,0.107,0.55,142.133,229327,4,trap brasileiro,trap funk,,,,,,
430,Matuê,5nP8x4uEFjAAmDzwOEc9b8,3ktTWpYdXrYApH54cBo4Ap,Conexões de Máfia (feat. Rich The Kid),86,3ktTWpYdXrYApH54cBo4Ap,0.771,0.577,6,-6.944,0,0.0461,0.393,0.0,0.256,0.691,116.96,221538,4,r&b brasileiro,rap cearense,trap brasileiro,,,,,
431,Hugo & Guilherme,1LIuN7ov1IBQDdLsU83ojl,7IPEkUJsnWYNyBkK2i2FPj,Mágica - Ao Vivo,75,7IPEkUJsnWYNyBkK2i2FPj,0.61,0.818,11,-5.202,1,0.0589,0.469,0.0,0.245,0.736,158.022,171730,4,agronejo,arrocha,sertanejo,sertanejo universitario,,,,
432,Gusttavo Lima,7MiDcPa6UiV3In7lIM71IN,7GScY8oE12cqTiNBzVQpUB,Mala dos Porta-Mala - Ao Vivo,75,7GScY8oE12cqTiNBzVQpUB,0.657,0.778,7,-4.439,1,0.0587,0.636,0.0,0.356,0.733,156.144,153237,4,agronejo,arrocha,sertanejo,sertanejo universitario,,,,
433,NATTAN,1SXhEXzOTF7YeuQX59m7pT,2BlFIe0712LBUtTHxbqjme,Love Gostosinho - Ao Vivo,84,2BlFIe0712LBUtTHxbqjme,0.726,0.814,7,-3.853,1,0.031,0.503,0.0,0.753,0.892,141.934,164075,4,forro,,,,,,,
434,MC Kevin o Chris,2UMj7NCbuqy1yUZmiSYGjJ,3khLpwuyIjEOw8vfJ1oUIT,Papin,86,3khLpwuyIjEOw8vfJ1oUIT,0.727,0.786,5,-5.755,0,0.291,0.491,1.52e-05,0.145,0.682,134.571,122667,4,funk 150 bpm,funk carioca,funk rj,,,,,
436,Leo Santana,7KVJCU4z5L4EUHILL8aMxR,15nTZqWfpXZk9Xh043Ognh,Posturado E Calmo,83,15nTZqWfpXZk9Xh043Ognh,0.926,0.875,9,-4.578,1,0.0751,0.7,5.44e-05,0.526,0.789,113.002,187563,4,arrocha,pagode baiano,pop nacional,,,,,
437,Clayton & Romário,1tKrZaph4cLsnEdqC5BNEQ,1gUKbDEyGK4uo8t8MdjKMZ,Namorando Ou Não - Ao Vivo,62,1gUKbDEyGK4uo8t8MdjKMZ,0.65,0.677,0,-4.081,1,0.0328,0.643,0.0,0.912,0.527,135.947,168359,4,agronejo,arrocha,,,,,,
440,WIU,3MrDVzg7ZXaYMyQmbDInr7,7nFvKgVumc9FcU97zGjjei,Coração de Gelo,85,7nFvKgVumc9FcU97zGjjei,0.732,0.671,10,-4.276,0,0.082,0.124,0.0,0.128,0.836,159.907,168000,4,trap brasileiro,,,,,,,
441,Belle Kaffer,4N2lyAuQF0kXt3UnsN7XZx,77BR4gaUAp3p0uA8UL6HT9,Não Para,84,77BR4gaUAp3p0uA8UL6HT9,0.892,0.655,7,-7.03,1,0.069,0.116,1.63e-06,0.176,0.764,129.959,180923,4,,,,,,,,
443,DJ Jeeh FDC,5lal0BjsooQ7ON4t7B73bp,5vdQUAFncALEH9EQvyAqIX,Forte Forte de Lacoste - Pra Começar o Final de Semana,84,5vdQUAFncALEH9EQvyAqIX,0.633,0.589,11,-0.678,0,0.519,0.569,8.04e-06,0.242,0.649,81.889,182769,3,funk mtg,,,,,,,
445,Maiara & Maraisa,59jlthNnbmim5l9tmNA7se,5aqwwgL4XOv2YJYwLiqKOZ,A Culpa É Nossa - Ao Vivo,73,5aqwwgL4XOv2YJYwLiqKOZ,0.596,0.85,11,-4.528,1,0.0523,0.608,0.0,0.41,0.531,138.057,165000,4,sertanejo,sertanejo universitario,,,,,,
470,Vance Joy,10exVja0key0uqUkk6LJRT,3JvrhDOgAt6p7K8mDyZwRd,Riptide,84,3JvrhDOgAt6p7K8mDyZwRd,0.484,0.731,1,-6.694,1,0.0379,0.431,0.0,0.151,0.51,101.654,204280,4,folk-pop,modern rock,,,,,,
479,Lewis Capaldi,4GNC7GD6oZMSxPGyXy4MNB,7qEHsqek33rTcFNT9PFqLf,Someone You Loved,92,7qEHsqek33rTcFNT9PFqLf,0.501,0.405,1,-5.679,1,0.0319,0.751,0.0,0.105,0.446,109.891,182161,4,pop,uk pop,,,,,,
480,Calvin Harris,7CajNmpbOovFoOoasH2HaY,5eTaQYBE1yrActixMAeLcZ,Miracle (with Ellie Goulding),92,5eTaQYBE1yrActixMAeLcZ,0.636,0.869,9,-5.289,1,0.0412,0.0378,0.0446,0.0808,0.306,143.011,186496,4,dance pop,edm,electro house,house,pop,progressive house,,uk dance
485,The Killers,0C0XlULifJtAgn6ZNCW2eu,003vvx7Niy0yvhvHt4a68B,Mr. Brightside,89,003vvx7Niy0yvhvHt4a68B,0.352,0.911,1,-5.23,1,0.0747,0.00121,0.0,0.0995,0.236,148.033,222973,4,alternative rock,dance rock,modern rock,permanent wave,rock,,,
488,RAYE,5KKpBU5eC2tJDzf0wmlRp2,5mHdCZtVyb4DcJw8799hZp,Escapism.,90,5mHdCZtVyb4DcJw8799hZp,0.538,0.742,2,-5.355,1,0.114,0.138,4.67e-05,0.0934,0.25,96.107,272373,4,uk contemporary r&b,uk pop,,,,,,
491,Ed Sheeran,6eUKZXaKkcviH0Ku9w2n3V,50nfwKoDiSYg8zOCREWAm5,Shivers,89,50nfwKoDiSYg8zOCREWAm5,0.788,0.859,2,-2.724,1,0.0856,0.281,0.0,0.0424,0.822,141.02,207853,4,pop,singer-songwriter pop,uk pop,,,,,
492,Kaliii,1YRqgFNXqRyMDRr8ClS1NL,7sliFe6W30tPBPh6dvZsIH,Area Codes,90,7sliFe6W30tPBPh6dvZsIH,0.823,0.388,1,-10.867,1,0.491,0.0187,0.0,0.0876,0.507,154.569,139326,4,rap,,,,,,,
494,Fleetwood Mac,08GQAI4eElDnROBrJRGE0X,0ofHAoxe9vBkTCp2UQIavz,Dreams - 2004 Remaster,88,0ofHAoxe9vBkTCp2UQIavz,0.828,0.492,0,-9.744,1,0.0276,0.0644,0.00428,0.128,0.789,120.151,257800,4,album rock,classic rock,rock,soft rock,yacht rock,,,
495,Lana Del Rey,00FQb4jTyendYWaN8pK0wa,6GGtHZgBycCgGBUhZo81xe,Say Yes To Heaven,92,6GGtHZgBycCgGBUhZo81xe,0.49,0.352,6,-11.577,0,0.0254,0.709,0.0856,0.114,0.166,99.992,209156,4,art pop,pop,,,,,,
